17,Male,13.22,100
17,Male,13.42,99
17,Male,14.00,98
17,Male,14.15,97
17,Male,14.28,96
17,Male,14.40,95
17,Male,14.51,94
17,Male,15.00,93
17,Male,15.11,92
17,Male,15.20,91
17,Male,15.30,90
17,Male,15.39,89
17,Male,15.48,88
17,Male,15.57,87
17,Male,16.05,86
17,Male,16.14,85
17,Male,16.22,84
17,Male,16.30,83
17,Male,16.39,82
17,Male,16.48,81
17,Male,16.57,80
17,Male,17.05,79
17,Male,17.15,78
17,Male,17.24,77
17,Male,17.33,76
17,Male,17.43,75
17,Male,17.52,74
17,Male,18.01,73
17,Male,18.12,72
17,Male,18.23,71
17,Male,18.35,70
17,Male,18.47,69
17,Male,19.00,68
17,Male,19.12,67
17,Male,19.27,66
17,Male,19.43,65
17,Male,20.00,64
17,Male,20.19,63
17,Male,20.42,62
17,Male,21.03,61
17,Male,22.00,60
17,Male,22.01,59
17,Male,22.03,58
17,Male,22.05,57
17,Male,22.07,56
17,Male,22.09,55
17,Male,22.11,54
17,Male,22.13,53
17,Male,22.15,52
17,Male,22.17,51
17,Male,22.19,50
17,Male,22.21,49
17,Male,22.23,48
17,Male,22.25,47
17,Male,22.27,46
17,Male,22.29,45
17,Male,22.31,44
17,Male,22.33,43
17,Male,22.35,42
17,Male,22.37,41
17,Male,22.39,40
17,Male,22.41,39
17,Male,22.43,38
17,Male,22.45,37
17,Male,22.47,36
17,Male,22.49,35
17,Male,22.51,34
17,Male,22.53,33
17,Male,22.55,32
17,Male,22.57,31
17,Male,22.59,30
17,Male,23.02,29
17,Male,23.04,28
17,Male,23.06,27
17,Male,23.08,26
17,Male,23.10,25
17,Male,23.12,24
17,Male,23.14,23
17,Male,23.16,22
17,Male,23.18,21
17,Male,23.20,20
17,Male,23.22,19
17,Male,23.24,18
17,Male,23.26,17
17,Male,23.28,16
17,Male,23.30,15
17,Male,23.32,14
17,Male,23.34,13
17,Male,23.36,12
17,Male,23.38,11
17,Male,23.40,10
17,Male,23.42,9
17,Male,23.44,8
17,Male,23.46,7
17,Male,23.48,6
17,Male,23.50,5
17,Male,23.52,4
17,Male,23.54,3
17,Male,23.56,2
17,Male,23.58,1
17,Male,24.00,0
17,Female,15.29,100
17,Female,15.55,99
17,Female,16.16,98
17,Female,16.34,97
17,Female,16.48,96
17,Female,17.01,95
17,Female,17.14,94
17,Female,17.27,93
17,Female,17.37,92
17,Female,17.47,91
17,Female,17.56,90
17,Female,18.04,89
17,Female,18.13,88
17,Female,18.22,87
17,Female,18.30,86
17,Female,18.39,85
17,Female,18.46,84
17,Female,18.54,83
17,Female,19.00,82
17,Female,19.09,81
17,Female,19.17,80
17,Female,19.24,79
17,Female,19.32,78
17,Female,19.40,77
17,Female,19.48,76
17,Female,19.56,75
17,Female,20.03,74
17,Female,20.12,73
17,Female,20.21,72
17,Female,20.30,71
17,Female,20.40,70
17,Female,20.49,69
17,Female,20.58,68
17,Female,21.03,67
17,Female,21.20,66
17,Female,21.37,65
17,Female,21.54,64
17,Female,22.11,63
17,Female,22.35,62
17,Female,22.58,61
17,Female,23.22,60
17,Female,23.23,59
17,Female,23.25,58
17,Female,23.57,57
17,Female,23.29,56
17,Female,23.31,55
17,Female,23.33,54
17,Female,23.35,53
17,Female,23.37,52
17,Female,23.39,51
17,Female,23.41,50
17,Female,23.43,49
17,Female,23.45,48
17,Female,23.47,47
17,Female,23.49,46
17,Female,23.51,45
17,Female,23.53,44
17,Female,23.55,43
17,Female,23.57,42
17,Female,23.59,41
17,Female,24.01,40
17,Female,24.03,39
17,Female,24.05,38
17,Female,24.07,37
17,Female,24.09,36
17,Female,24.11,35
17,Female,24.13,34
17,Female,24.15,33
17,Female,24.17,32
17,Female,24.19,31
17,Female,24.21,30
17,Female,24.24,29
17,Female,24.26,28
17,Female,24.28,27
17,Female,24.30,26
17,Female,24.32,25
17,Female,24.34,24
17,Female,24.36,23
17,Female,24.38,22
17,Female,24.40,21
17,Female,24.42,20
17,Female,24.44,19
17,Female,24.46,18
17,Female,24.48,17
17,Female,24.50,16
17,Female,24.52,15
17,Female,24.54,14
17,Female,24.56,13
17,Female,24.58,12
17,Female,25.00,11
17,Female,25.02,10
17,Female,25.04,9
17,Female,25.06,8
17,Female,25.08,7
17,Female,25.10,6
17,Female,25.12,5
17,Female,25.14,4
17,Female,25.16,3
17,Female,25.18,2
17,Female,25.20,1
17,Female,25.22,0
22,Male,13.27,100
22,Male,13.50,99
22,Male,14.08,98
22,Male,14.25,97
22,Male,14.38,96
22,Male,14.50,95
22,Male,15.01,94
22,Male,15.13,93
22,Male,15.23,92
22,Male,15.32,91
22,Male,15.43,90
22,Male,15.53,89
22,Male,16.01,88
22,Male,16.10,87
22,Male,16.20,86
22,Male,16.29,85
22,Male,16.37,84
22,Male,16.46,83
22,Male,16.55,82
22,Male,17.04,81
22,Male,17.13,80
22,Male,17.22,79
22,Male,17.30,78
22,Male,17.40,77
22,Male,17.49,76
22,Male,17.59,75
22,Male,18.07,74
22,Male,18.17,73
22,Male,18.28,72
22,Male,18.38,71
22,Male,18.50,70
22,Male,19.00,69
22,Male,19.13,68
22,Male,19.26,67
22,Male,19.40,66
22,Male,19.56,65
22,Male,20.12,64
22,Male,20.30,63
22,Male,20.52,62
22,Male,21.14,61
22,Male,22.00,60
22,Male,22.01,59
22,Male,22.03,58
22,Male,22.05,57
22,Male,22.07,56
22,Male,22.09,55
22,Male,22.11,54
22,Male,22.13,53
22,Male,22.15,52
22,Male,22.17,51
22,Male,22.19,50
22,Male,22.21,49
22,Male,22.23,48
22,Male,22.25,47
22,Male,22.27,46
22,Male,22.29,45
22,Male,22.31,44
22,Male,22.33,43
22,Male,22.35,42
22,Male,22.37,41
22,Male,22.39,40
22,Male,22.41,39
22,Male,22.43,38
22,Male,22.45,37
22,Male,22.47,36
22,Male,22.49,35
22,Male,22.51,34
22,Male,22.53,33
22,Male,22.55,32
22,Male,22.57,31
22,Male,22.59,30
22,Male,23.02,29
22,Male,23.04,28
22,Male,23.06,27
22,Male,23.08,26
22,Male,23.10,25
22,Male,23.12,24
22,Male,23.14,23
22,Male,23.16,22
22,Male,23.18,21
22,Male,23.20,20
22,Male,23.22,19
22,Male,23.24,18
22,Male,23.26,17
22,Male,23.28,16
22,Male,23.30,15
22,Male,23.32,14
22,Male,23.34,13
22,Male,23.36,12
22,Male,23.38,11
22,Male,23.40,10
22,Male,23.42,9
22,Male,23.44,8
22,Male,23.46,7
22,Male,23.48,6
22,Male,23.50,5
22,Male,23.52,4
22,Male,23.54,3
22,Male,23.56,2
22,Male,23.58,1
22,Male,24.00,0
22,Female,15.00,100
22,Female,15.30,99
22,Female,15.51,98
22,Female,16.09,97
22,Female,16.26,96
22,Female,16.39,95
22,Female,16.52,94
22,Female,17.04,93
22,Female,17.16,92
22,Female,17.28,91
22,Female,17.37,90
22,Female,17.47,89
22,Female,17.57,88
22,Female,18.04,87
22,Female,18.13,86
22,Female,18.23,85
22,Female,18.30,84
22,Female,18.39,83
22,Female,18.48,82
22,Female,18.56,81
22,Female,19.03,80
22,Female,19.12,79
22,Female,19.21,78
22,Female,19.30,77
22,Female,19.39,76
22,Female,19.47,75
22,Female,19.56,74
22,Female,20.04,73
22,Female,20.14,72
22,Female,20.23,71
22,Female,20.32,70
22,Female,20.43,69
22,Female,20.53,68
22,Female,21.00,67
22,Female,21.06,66
22,Female,21.24,65
22,Female,21.44,64
22,Female,22.03,63
22,Female,22.24,62
22,Female,22.50,61
22,Female,23.15,60
22,Female,23.16,59
22,Female,23.18,58
22,Female,23.20,57
22,Female,23.22,56
22,Female,23.24,55
22,Female,23.26,54
22,Female,23.28,53
22,Female,23.30,52
22,Female,23.32,51
22,Female,23.34,50
22,Female,23.36,49
22,Female,23.38,48
22,Female,23.40,47
22,Female,23.42,46
22,Female,23.44,45
22,Female,23.46,44
22,Female,23.48,43
22,Female,23.50,42
22,Female,23.52,41
22,Female,23.54,40
22,Female,23.56,39
22,Female,23.58,38
22,Female,24.00,37
22,Female,24.02,36
22,Female,24.04,35
22,Female,24.06,34
22,Female,24.08,33
22,Female,24.10,32
22,Female,24.12,31
22,Female,24.14,30
22,Female,24.17,29
22,Female,24.19,28
22,Female,24.21,27
22,Female,24.23,26
22,Female,24.25,25
22,Female,24.27,24
22,Female,24.29,23
22,Female,24.31,22
22,Female,24.33,21
22,Female,24.35,20
22,Female,24.37,19
22,Female,24.39,18
22,Female,24.41,17
22,Female,24.43,16
22,Female,24.45,15
22,Female,24.47,14
22,Female,24.49,13
22,Female,24.51,12
22,Female,24.53,11
22,Female,24.55,10
22,Female,24.57,9
22,Female,24.59,8
22,Female,25.01,7
22,Female,25.03,6
22,Female,25.05,5
22,Female,25.07,4
22,Female,25.09,3
22,Female,25.11,2
22,Female,25.13,1
22,Female,25.15,0
27,Male,13.31,100
27,Male,13.58,99
27,Male,14.15,98
27,Male,14.31,97
27,Male,14.45,96
27,Male,14.57,95
27,Male,15.07,94
27,Male,15.19,93
27,Male,15.30,92
27,Male,15.39,91
27,Male,15.48,90
27,Male,15.58,89
27,Male,16.05,88
27,Male,16.15,87
27,Male,16.24,86
27,Male,16.32,85
27,Male,16.41,84
27,Male,16.49,83
27,Male,16.58,82
27,Male,17.05,81
27,Male,17.14,80
27,Male,17.23,79
27,Male,17.31,78
27,Male,17.41,77
27,Male,17.50,76
27,Male,17.58,75
27,Male,18.05,74
27,Male,18.15,73
27,Male,18.25,72
27,Male,18.35,71
27,Male,18.46,70
27,Male,18.58,69
27,Male,19.09,68
27,Male,19.22,67
27,Male,19.36,66
27,Male,19.51,65
27,Male,20.06,64
27,Male,20.25,63
27,Male,20.46,62
27,Male,21.00,61
27,Male,22.00,60
27,Male,22.01,59
27,Male,22.03,58
27,Male,22.05,57
27,Male,22.07,56
27,Male,22.09,55
27,Male,22.11,54
27,Male,22.13,53
27,Male,22.15,52
27,Male,22.17,51
27,Male,22.19,50
27,Male,22.21,49
27,Male,22.23,48
27,Male,22.25,47
27,Male,22.27,46
27,Male,22.29,45
27,Male,22.31,44
27,Male,22.33,43
27,Male,22.35,42
27,Male,22.37,41
27,Male,22.39,40
27,Male,22.41,39
27,Male,22.43,38
27,Male,22.45,37
27,Male,22.47,36
27,Male,22.49,35
27,Male,22.51,34
27,Male,22.53,33
27,Male,22.55,32
27,Male,22.57,31
27,Male,22.59,30
27,Male,23.02,29
27,Male,23.04,28
27,Male,23.06,27
27,Male,23.08,26
27,Male,23.10,25
27,Male,23.12,24
27,Male,23.14,23
27,Male,23.16,22
27,Male,23.18,21
27,Male,23.20,20
27,Male,23.22,19
27,Male,23.24,18
27,Male,23.26,17
27,Male,23.28,16
27,Male,23.30,15
27,Male,23.32,14
27,Male,23.34,13
27,Male,23.36,12
27,Male,23.38,11
27,Male,23.40,10
27,Male,23.42,9
27,Male,23.44,8
27,Male,23.46,7
27,Male,23.48,6
27,Male,23.50,5
27,Male,23.52,4
27,Male,23.54,3
27,Male,23.56,2
27,Male,23.58,1
27,Male,24.00,0
27,Female,15.00,100
27,Female,15.30,99
27,Female,15.53,98
27,Female,16.10,97
27,Female,16.26,96
27,Female,16.40,95
27,Female,16.54,94
27,Female,17.05,93
27,Female,17.17,92
27,Female,17.27,91
27,Female,17.35,90
27,Female,17.46,89
27,Female,17.55,88
27,Female,18.02,87
27,Female,18.12,86
27,Female,18.21,85
27,Female,18.30,84
27,Female,18.37,83
27,Female,18.46,82
27,Female,18.54,81
27,Female,19.00,80
27,Female,19.08,79
27,Female,19.16,78
27,Female,19.25,77
27,Female,19.33,76
27,Female,19.42,75
27,Female,19.50,74
27,Female,19.59,73
27,Female,20.07,72
27,Female,20.16,71
27,Female,20.25,70
27,Female,20.36,69
27,Female,20.45,68
27,Female,20.56,67
27,Female,21.00,66
27,Female,21.15,65
27,Female,21.34,64
27,Female,21.56,63
27,Female,22.18,62
27,Female,22.46,61
27,Female,23.13,60
27,Female,23.14,59
27,Female,23.16,58
27,Female,23.18,57
27,Female,23.20,56
27,Female,23.22,55
27,Female,23.24,54
27,Female,23.26,53
27,Female,23.28,52
27,Female,23.30,51
27,Female,23.32,50
27,Female,23.34,49
27,Female,23.36,48
27,Female,23.38,47
27,Female,23.40,46
27,Female,23.42,45
27,Female,23.44,44
27,Female,23.46,43
27,Female,23.48,42
27,Female,23.50,41
27,Female,23.52,40
27,Female,23.54,39
27,Female,23.56,38
27,Female,23.58,37
27,Female,24.00,36
27,Female,24.02,35
27,Female,24.04,34
27,Female,24.06,33
27,Female,24.08,32
27,Female,24.10,31
27,Female,24.12,30
27,Female,24.15,29
27,Female,24.17,28
27,Female,24.19,27
27,Female,24.21,26
27,Female,24.23,25
27,Female,24.25,24
27,Female,24.27,23
27,Female,24.29,22
27,Female,24.31,21
27,Female,24.33,20
27,Female,24.35,19
27,Female,24.37,18
27,Female,24.39,17
27,Female,24.41,16
27,Female,24.43,15
27,Female,24.45,14
27,Female,24.47,13
27,Female,24.49,12
27,Female,24.51,11
27,Female,24.53,10
27,Female,24.55,9
27,Female,24.57,8
27,Female,24.59,7
27,Female,25.01,6
27,Female,25.03,5
27,Female,25.05,4
27,Female,25.07,3
27,Female,25.09,2
27,Female,25.11,1
27,Female,25.13,0
32,Male,13.42,100
32,Male,14.06,99
32,Male,14.25,98
32,Male,14.40,97
32,Male,14.54,96
32,Male,15.06,95
32,Male,15.18,94
32,Male,15.30,93
32,Male,15.39,92
32,Male,15.49,91
32,Male,15.58,90
32,Male,16.07,89
32,Male,16.16,88
32,Male,16.25,87
32,Male,16.32,86
32,Male,16.41,85
32,Male,16.49,84
32,Male,16.58,83
32,Male,17.05,82
32,Male,17.15,81
32,Male,17.23,80
32,Male,17.31,79
32,Male,17.40,78
32,Male,17.48,77
32,Male,17.56,76
32,Male,18.03,75
32,Male,18.12,74
32,Male,18.23,73
32,Male,18.33,72
32,Male,18.43,71
32,Male,18.53,70
32,Male,19.03,69
32,Male,19.16,68
32,Male,19.28,67
32,Male,19.41,66
32,Male,19.56,65
32,Male,20.11,64
32,Male,20.29,63
32,Male,20.49,62
32,Male,21.01,61
32,Male,22.00,60
32,Male,22.01,59
32,Male,22.03,58
32,Male,22.05,57
32,Male,22.07,56
32,Male,22.09,55
32,Male,22.11,54
32,Male,22.13,53
32,Male,22.15,52
32,Male,22.17,51
32,Male,22.19,50
32,Male,22.21,49
32,Male,22.23,48
32,Male,22.25,47
32,Male,22.27,46
32,Male,22.29,45
32,Male,22.31,44
32,Male,22.33,43
32,Male,22.35,42
32,Male,22.37,41
32,Male,22.39,40
32,Male,22.41,39
32,Male,22.43,38
32,Male,22.45,37
32,Male,22.47,36
32,Male,22.49,35
32,Male,22.51,34
32,Male,22.53,33
32,Male,22.55,32
32,Male,22.57,31
32,Male,22.59,30
32,Male,23.02,29
32,Male,23.04,28
32,Male,23.06,27
32,Male,23.08,26
32,Male,23.10,25
32,Male,23.12,24
32,Male,23.14,23
32,Male,23.16,22
32,Male,23.18,21
32,Male,23.20,20
32,Male,23.22,19
32,Male,23.24,18
32,Male,23.26,17
32,Male,23.28,16
32,Male,23.30,15
32,Male,23.32,14
32,Male,23.34,13
32,Male,23.36,12
32,Male,23.38,11
32,Male,23.40,10
32,Male,23.42,9
32,Male,23.44,8
32,Male,23.46,7
32,Male,23.48,6
32,Male,23.50,5
32,Male,23.52,4
32,Male,23.54,3
32,Male,23.56,2
32,Male,23.58,1
32,Male,24.00,0
32,Female,15.18,100
32,Female,15.46,99
32,Female,16.07,98
32,Female,16.28,97
32,Female,16.43,96
32,Female,16.57,95
32,Female,17.08,94
32,Female,17.20,93
32,Female,17.30,92
32,Female,17.41,91
32,Female,17.50,90
32,Female,18.00,89
32,Female,18.09,88
32,Female,18.18,87
32,Female,18.27,86
32,Female,18.36,85
32,Female,18.45,84
32,Female,18.52,83
32,Female,19.00,82
32,Female,19.07,81
32,Female,19.15,80
32,Female,19.23,79
32,Female,19.31,78
32,Female,19.40,77
32,Female,19.47,76
32,Female,19.55,75
32,Female,20.01,74
32,Female,20.10,73
32,Female,20.18,72
32,Female,20.27,71
32,Female,20.35,70
32,Female,20.44,69
32,Female,20.54,68
32,Female,21.00,67
32,Female,21.05,66
32,Female,21.27,65
32,Female,21.48,64
32,Female,22.06,63
32,Female,22.30,62
32,Female,22.55,61
32,Female,23.19,60
32,Female,23.20,59
32,Female,23.22,58
32,Female,23.24,57
32,Female,23.26,56
32,Female,23.28,55
32,Female,23.30,54
32,Female,23.32,53
32,Female,23.34,52
32,Female,23.36,51
32,Female,23.38,50
32,Female,23.40,49
32,Female,23.42,48
32,Female,23.44,47
32,Female,23.46,46
32,Female,23.48,45
32,Female,23.50,44
32,Female,23.52,43
32,Female,23.54,42
32,Female,23.56,41
32,Female,23.58,40
32,Female,24.00,39
32,Female,24.02,38
32,Female,24.04,37
32,Female,24.06,36
32,Female,24.08,35
32,Female,24.10,34
32,Female,24.12,33
32,Female,24.14,32
32,Female,24.16,31
32,Female,24.18,30
32,Female,24.21,29
32,Female,24.23,28
32,Female,24.25,27
32,Female,24.27,26
32,Female,24.29,25
32,Female,24.31,24
32,Female,24.33,23
32,Female,24.35,22
32,Female,24.37,21
32,Female,24.39,20
32,Female,24.41,19
32,Female,24.43,18
32,Female,24.45,17
32,Female,24.47,16
32,Female,24.49,15
32,Female,24.51,14
32,Female,24.53,13
32,Female,24.55,12
32,Female,24.57,11
32,Female,24.59,10
32,Female,25.01,9
32,Female,24.03,8
32,Female,24.05,7
32,Female,25.07,6
32,Female,25.09,5
32,Female,25.11,4
32,Female,25.13,3
32,Female,25.15,2
32,Female,25.17,1
32,Female,25.19,0
37,Male,13.58,100
37,Male,14.20,99
37,Male,14.37,98
37,Male,14.53,97
37,Male,15.06,96
37,Male,15.19,95
37,Male,15.30,94
37,Male,15.41,93
37,Male,15.51,92
37,Male,16.00,91
37,Male,16.10,90
37,Male,16.20,89
37,Male,16.30,88
37,Male,16.38,87
37,Male,16.46,86
37,Male,16.55,85
37,Male,17.03,84
37,Male,17.13,83
37,Male,17.21,82
37,Male,17.30,81
37,Male,17.38,80
37,Male,17.45,79
37,Male,17.54,78
37,Male,18.00,77
37,Male,18.10,76
37,Male,18.18,75
37,Male,18.28,74
37,Male,18.37,73
37,Male,18.47,72
37,Male,18.57,71
37,Male,19.06,70
37,Male,19.19,69
37,Male,19.30,68
37,Male,19.42,67
37,Male,19.55,66
37,Male,20.07,65
37,Male,20.22,64
37,Male,20.41,63
37,Male,21.00,62
37,Male,21.17,61
37,Male,22.11,60
37,Male,22.12,59
37,Male,22.14,58
37,Male,22.16,57
37,Male,22.18,56
37,Male,22.20,55
37,Male,22.22,54
37,Male,22.24,53
37,Male,22.26,52
37,Male,22.28,51
37,Male,22.30,50
37,Male,22.32,49
37,Male,22.34,48
37,Male,22.36,47
37,Male,22.38,46
37,Male,22.40,45
37,Male,22.42,44
37,Male,22.44,43
37,Male,22.46,42
37,Male,22.48,41
37,Male,22.50,40
37,Male,22.52,39
37,Male,22.54,38
37,Male,22.56,37
37,Male,22.58,36
37,Male,23.00,35
37,Male,23.02,34
37,Male,23.04,33
37,Male,23.06,32
37,Male,23.08,31
37,Male,23.10,30
37,Male,23.13,29
37,Male,23.15,28
37,Male,23.17,27
37,Male,23.19,26
37,Male,23.21,25
37,Male,23.23,24
37,Male,23.25,23
37,Male,23.27,22
37,Male,23.29,21
37,Male,23.31,20
37,Male,23.33,19
37,Male,23.35,18
37,Male,23.37,17
37,Male,23.39,16
37,Male,23.41,15
37,Male,23.43,14
37,Male,23.45,13
37,Male,23.47,12
37,Male,23.49,11
37,Male,23.51,10
37,Male,23.53,9
37,Male,23.55,8
37,Male,23.57,7
37,Male,23.59,6
37,Male,24.01,5
37,Male,24.03,4
37,Male,24.05,3
37,Male,24.07,2
37,Male,24.09,1
37,Male,24.11,0
37,Female,15.30,100
37,Female,15.56,99
37,Female,16.18,98
37,Female,16.36,97
37,Female,16.51,96
37,Female,17.04,95
37,Female,17.18,94
37,Female,17.30,93
37,Female,17.41,92
37,Female,17.52,91
37,Female,18.00,90
37,Female,18.10,89
37,Female,18.20,88
37,Female,18.30,87
37,Female,18.36,86
37,Female,18.45,85
37,Female,18.52,84
37,Female,19.00,83
37,Female,19.05,82
37,Female,19.14,81
37,Female,19.22,80
37,Female,19.30,79
37,Female,19.37,78
37,Female,19.48,77
37,Female,19.56,76
37,Female,20.02,75
37,Female,20.12,74
37,Female,20.20,73
37,Female,20.30,72
37,Female,20.38,71
37,Female,20.46,70
37,Female,20.55,69
37,Female,21.00,68
37,Female,21.04,67
37,Female,21.20,66
37,Female,21.36,65
37,Female,21.56,64
37,Female,22.11,63
37,Female,22.34,62
37,Female,23.00,61
37,Female,23.23,60
37,Female,23.24,59
37,Female,23.26,58
37,Female,23.28,57
37,Female,23.30,56
37,Female,23.32,55
37,Female,23.34,54
37,Female,23.36,53
37,Female,23.38,52
37,Female,23.40,51
37,Female,23.42,50
37,Female,23.44,49
37,Female,23.46,48
37,Female,23.48,47
37,Female,23.50,46
37,Female,23.52,45
37,Female,23.54,44
37,Female,23.56,43
37,Female,23.58,42
37,Female,24.00,41
37,Female,24.02,40
37,Female,24.04,39
37,Female,24.06,38
37,Female,24.08,37
37,Female,24.10,36
37,Female,24.12,35
37,Female,24.14,34
37,Female,24.16,33
37,Female,24.18,32
37,Female,24.20,31
37,Female,24.22,30
37,Female,24.25,29
37,Female,24.27,28
37,Female,24.29,27
37,Female,24.31,26
37,Female,24.33,25
37,Female,24.35,24
37,Female,24.37,23
37,Female,24.39,22
37,Female,24.41,21
37,Female,24.43,20
37,Female,24.45,19
37,Female,24.47,18
37,Female,24.49,17
37,Female,24.51,16
37,Female,24.53,15
37,Female,24.55,14
37,Female,24.57,13
37,Female,24.59,12
37,Female,25.01,11
37,Female,25.03,10
37,Female,25.05,9
37,Female,24.07,8
37,Female,24.09,7
37,Female,25.11,6
37,Female,25.13,5
37,Female,25.15,4
37,Female,25.17,3
37,Female,25.19,2
37,Female,25.21,1
37,Female,25.23,0
42,Male,14.05,100
42,Male,14.29,99
42,Male,14.48,98
42,Male,15.04,97
42,Male,15.20,96
42,Male,15.33,95
42,Male,15.45,94
42,Male,15.56,93
42,Male,16.06,92
42,Male,16.18,91
42,Male,16.28,90
42,Male,16.38,89
42,Male,16.47,88
42,Male,16.55,87
42,Male,17.04,86
42,Male,17.12,85
42,Male,17.21,84
42,Male,17.30,83
42,Male,17.38,82
42,Male,17.47,81
42,Male,17.55,80
42,Male,18.00,79
42,Male,18.10,78
42,Male,18.20,77
42,Male,18.29,76
42,Male,18.37,75
42,Male,18.46,74
42,Male,18.56,73
42,Male,19.04,72
42,Male,19.16,71
42,Male,19.26,70
42,Male,19.38,69
42,Male,19.50,68
42,Male,20.00,67
42,Male,20.10,66
42,Male,20.25,65
42,Male,20.40,64
42,Male,20.58,63
42,Male,21.00,62
42,Male,21.44,61
42,Male,22.32,60
42,Male,22.33,59
42,Male,22.35,58
42,Male,22.37,57
42,Male,22.39,56
42,Male,22.41,55
42,Male,22.43,54
42,Male,22.45,53
42,Male,22.47,52
42,Male,22.49,51
42,Male,22.51,50
42,Male,22.53,49
42,Male,22.55,48
42,Male,22.57,47
42,Male,22.59,46
42,Male,23.01,45
42,Male,23.03,44
42,Male,23.05,43
42,Male,23.07,42
42,Male,23.09,41
42,Male,23.11,40
42,Male,23.13,39
42,Male,23.15,38
42,Male,23.17,37
42,Male,23.19,36
42,Male,23.21,35
42,Male,23.23,34
42,Male,23.25,33
42,Male,23.27,32
42,Male,23.29,31
42,Male,23.31,30
42,Male,23.34,29
42,Male,23.36,28
42,Male,23.38,27
42,Male,23.40,26
42,Male,23.42,25
42,Male,23.44,24
42,Male,23.46,23
42,Male,23.48,22
42,Male,23.50,21
42,Male,23.52,20
42,Male,23.54,19
42,Male,23.56,18
42,Male,23.58,17
42,Male,24.00,16
42,Male,24.02,15
42,Male,24.04,14
42,Male,24.06,13
42,Male,24.08,12
42,Male,24.10,11
42,Male,24.12,10
42,Male,24.14,9
42,Male,24.16,8
42,Male,24.18,7
42,Male,24.20,6
42,Male,24.22,5
42,Male,24.24,4
42,Male,24.26,3
42,Male,24.28,2
42,Male,24.30,1
42,Male,24.32,0
42,Female,15.49,100
42,Female,16.12,99
42,Female,16.35,98
42,Female,16.50,97
42,Female,17.07,96
42,Female,17.24,95
42,Female,17.35,94
42,Female,17.47,93
42,Female,17.56,92
42,Female,18.06,91
42,Female,18.16,90
42,Female,18.26,89
42,Female,18.35,88
42,Female,18.44,87
42,Female,18.53,86
42,Female,19.01,85
42,Female,19.10,84
42,Female,19.19,83
42,Female,19.27,82
42,Female,19.36,81
42,Female,19.45,80
42,Female,19.51,79
42,Female,19.58,78
42,Female,20.02,77
42,Female,20.12,76
42,Female,20.21,75
42,Female,20.32,74
42,Female,20.38,73
42,Female,20.47,72
42,Female,20.57,71
42,Female,21.00,70
42,Female,21.08,69
42,Female,21.20,68
42,Female,21.35,67
42,Female,21.51,66
42,Female,22.05,65
42,Female,22.20,64
42,Female,22.36,63
42,Female,22.53,62
42,Female,23.10,61
42,Female,23.42,60
42,Female,23.43,59
42,Female,23.45,58
42,Female,23.47,57
42,Female,23.49,56
42,Female,23.51,55
42,Female,23.53,54
42,Female,23.55,53
42,Female,23.57,52
42,Female,23.59,51
42,Female,24.01,50
42,Female,24.03,49
42,Female,24.05,48
42,Female,24.07,47
42,Female,24.09,46
42,Female,24.11,45
42,Female,24.13,44
42,Female,24.15,43
42,Female,24.17,42
42,Female,24.19,41
42,Female,24.21,40
42,Female,24.23,39
42,Female,24.25,38
42,Female,24.27,37
42,Female,24.29,36
42,Female,24.31,35
42,Female,24.33,34
42,Female,24.35,33
42,Female,24.37,32
42,Female,24.39,31
42,Female,24.41,30
42,Female,24.44,29
42,Female,24.46,28
42,Female,24.48,27
42,Female,24.50,26
42,Female,24.52,25
42,Female,24.54,24
42,Female,24.56,23
42,Female,24.58,22
42,Female,25.00,21
42,Female,25.02,20
42,Female,25.04,19
42,Female,25.06,18
42,Female,25.08,17
42,Female,25.10,16
42,Female,25.12,15
42,Female,25.14,14
42,Female,25.16,13
42,Female,25.18,12
42,Female,25.20,11
42,Female,25.22,10
42,Female,25.24,9
42,Female,24.26,8
42,Female,24.28,7
42,Female,25.30,6
42,Female,25.32,5
42,Female,25.34,4
42,Female,25.36,3
42,Female,25.38,2
42,Female,25.40,1
42,Female,25.42,0
47,Male,14.30,100
47,Male,14.54,99
47,Male,15.14,98
47,Male,15.32,97
47,Male,15.48,96
47,Male,16.02,95
47,Male,16.15,94
47,Male,16.27,93
47,Male,16.36,92
47,Male,16.46,91
47,Male,16.57,90
47,Male,17.07,89
47,Male,17.16,88
47,Male,17.26,87
47,Male,17.34,86
47,Male,17.43,85
47,Male,17.51,84
47,Male,18.00,83
47,Male,18.06,82
47,Male,18.16,81
47,Male,18.26,80
47,Male,18.33,79
47,Male,18.42,78
47,Male,18.51,77
47,Male,19.00,76
47,Male,19.07,75
47,Male,19.17,74
47,Male,19.27,73
47,Male,19.36,72
47,Male,19.47,71
47,Male,19.57,70
47,Male,20.06,69
47,Male,20.17,68
47,Male,20.28,67
47,Male,20.40,66
47,Male,20.53,65
47,Male,21.00,64
47,Male,21.13,63
47,Male,21.43,62
47,Male,22.17,61
47,Male,22.55,60
47,Male,22.56,59
47,Male,22.58,58
47,Male,23.00,57
47,Male,23.02,56
47,Male,23.04,55
47,Male,23.06,54
47,Male,23.08,53
47,Male,23.10,52
47,Male,23.12,51
47,Male,23.14,50
47,Male,23.16,49
47,Male,23.18,48
47,Male,23.20,47
47,Male,23.22,46
47,Male,23.24,45
47,Male,23.26,44
47,Male,23.28,43
47,Male,23.30,42
47,Male,23.32,41
47,Male,23.34,40
47,Male,23.36,39
47,Male,23.38,38
47,Male,23.40,37
47,Male,23.42,36
47,Male,23.44,35
47,Male,23.46,34
47,Male,23.48,33
47,Male,23.50,32
47,Male,23.52,31
47,Male,23.54,30
47,Male,23.57,29
47,Male,23.59,28
47,Male,24.01,27
47,Male,24.03,26
47,Male,24.05,25
47,Male,24.07,24
47,Male,24.09,23
47,Male,24.11,22
47,Male,24.13,21
47,Male,24.15,20
47,Male,24.17,19
47,Male,24.19,18
47,Male,24.21,17
47,Male,24.23,16
47,Male,24.25,15
47,Male,24.27,14
47,Male,24.29,13
47,Male,24.31,12
47,Male,24.33,11
47,Male,24.35,10
47,Male,24.37,9
47,Male,24.39,8
47,Male,24.41,7
47,Male,24.43,6
47,Male,24.45,5
47,Male,24.47,4
47,Male,24.49,3
47,Male,24.51,2
47,Male,24.53,1
47,Male,24.55,0
47,Female,15.58,100
47,Female,16.14,99
47,Female,16.36,98
47,Female,16.56,97
47,Female,17.15,96
47,Female,17.28,95
47,Female,17.39,94
47,Female,17.53,93
47,Female,18.00,92
47,Female,18.12,91
47,Female,18.24,90
47,Female,18.34,89
47,Female,18.44,88
47,Female,18.55,87
47,Female,19.04,86
47,Female,19.13,85
47,Female,19.22,84
47,Female,19.30,83
47,Female,19.40,82
47,Female,19.45,81
47,Female,19.52,80
47,Female,19.59,79
47,Female,20.06,78
47,Female,20.14,77
47,Female,20.20,76
47,Female,20.29,75
47,Female,20.36,74
47,Female,20.43,73
47,Female,20.44,72
47,Female,20.52,71
47,Female,21.09,70
47,Female,21.24,69
47,Female,21.36,68
47,Female,21.49,67
47,Female,22.01,66
47,Female,22.13,65
47,Female,22.28,64
47,Female,22.35,63
47,Female,22.50,62
47,Female,23.25,61
47,Female,24.00,60
47,Female,24.01,59
47,Female,24.03,58
47,Female,24.05,57
47,Female,24.07,56
47,Female,24.09,55
47,Female,24.11,54
47,Female,24.13,53
47,Female,24.15,52
47,Female,24.17,51
47,Female,24.19,50
47,Female,24.21,49
47,Female,24.23,48
47,Female,24.25,47
47,Female,24.27,46
47,Female,24.29,45
47,Female,24.31,44
47,Female,24.33,43
47,Female,24.35,42
47,Female,24.37,41
47,Female,24.39,40
47,Female,24.41,39
47,Female,24.43,38
47,Female,24.45,37
47,Female,24.47,36
47,Female,24.49,35
47,Female,24.51,34
47,Female,24.53,33
47,Female,24.55,32
47,Female,24.57,31
47,Female,24.59,30
47,Female,25.02,29
47,Female,25.04,28
47,Female,25.06,27
47,Female,25.08,26
47,Female,25.10,25
47,Female,25.12,24
47,Female,25.14,23
47,Female,25.16,22
47,Female,25.18,21
47,Female,25.20,20
47,Female,25.22,19
47,Female,25.24,18
47,Female,25.26,17
47,Female,25.28,16
47,Female,25.30,15
47,Female,25.32,14
47,Female,25.34,13
47,Female,25.36,12
47,Female,25.38,11
47,Female,25.40,10
47,Female,25.42,9
47,Female,24.44,8
47,Female,24.46,7
47,Female,25.48,6
47,Female,25.50,5
47,Female,25.52,4
47,Female,25.54,3
47,Female,25.56,2
47,Female,25.58,1
47,Female,26.00,0
52,Male,15.09,100
52,Male,15.34,99
52,Male,15.55,98
52,Male,16.14,97
52,Male,16.28,96
52,Male,16.42,95
52,Male,16.55,94
52,Male,17.06,93
52,Male,17.16,92
52,Male,17.26,91
52,Male,17.36,90
52,Male,17.48,89
52,Male,17.57,88
52,Male,18.04,87
52,Male,18.15,86
52,Male,18.24,85
52,Male,18.32,84
52,Male,18.40,83
52,Male,18.49,82
52,Male,18.56,81
52,Male,19.03,80
52,Male,19.13,79
52,Male,19.21,78
52,Male,19.30,77
52,Male,19.36,76
52,Male,19.45,75
52,Male,19.53,74
52,Male,20.00,73
52,Male,20.08,72
52,Male,20.18,71
52,Male,20.27,70
52,Male,20.39,69
52,Male,20.49,68
52,Male,20.59,67
52,Male,21.00,66
52,Male,21.16,65
52,Male,21.39,64
52,Male,22.00,63
52,Male,22.24,62
52,Male,22.53,61
52,Male,23.20,60
52,Male,23.21,59
52,Male,23.23,58
52,Male,23.25,57
52,Male,23.27,56
52,Male,23.29,55
52,Male,23.31,54
52,Male,23.33,53
52,Male,23.35,52
52,Male,23.37,51
52,Male,23.39,50
52,Male,23.41,49
52,Male,23.43,48
52,Male,23.45,47
52,Male,23.47,46
52,Male,23.49,45
52,Male,23.51,44
52,Male,23.53,43
52,Male,23.55,42
52,Male,23.57,41
52,Male,23.59,40
52,Male,24.01,39
52,Male,24.03,38
52,Male,24.05,37
52,Male,24.07,36
52,Male,24.09,35
52,Male,24.11,34
52,Male,24.13,33
52,Male,24.15,32
52,Male,24.17,31
52,Male,24.19,30
52,Male,24.22,29
52,Male,24.24,28
52,Male,24.26,27
52,Male,24.28,26
52,Male,24.30,25
52,Male,24.32,24
52,Male,24.34,23
52,Male,24.36,22
52,Male,24.38,21
52,Male,24.40,20
52,Male,24.42,19
52,Male,24.44,18
52,Male,24.46,17
52,Male,24.48,16
52,Male,24.50,15
52,Male,24.52,14
52,Male,24.54,13
52,Male,24.56,12
52,Male,24.58,11
52,Male,25.00,10
52,Male,25.02,9
52,Male,25.04,8
52,Male,25.06,7
52,Male,25.08,6
52,Male,25.10,5
52,Male,25.12,4
52,Male,25.14,3
52,Male,25.16,2
52,Male,25.18,1
52,Male,25.20,0
52,Female,16.29,100
52,Female,17.01,99
52,Female,17.22,98
52,Female,17.38,97
52,Female,17.50,96
52,Female,18.00,95
52,Female,18.13,94
52,Female,18.20,93
52,Female,18.30,92
52,Female,18.40,91
52,Female,18.53,90
52,Female,19.02,89
52,Female,19.14,88
52,Female,19.29,87
52,Female,19.36,86
52,Female,19.45,85
52,Female,19.58,84
52,Female,20.02,83
52,Female,20.07,82
52,Female,20.17,81
52,Female,20.22,80
52,Female,20.31,79
52,Female,20.38,78
52,Female,20.43,77
52,Female,20.44,76
52,Female,20.45,75
52,Female,20.50,74
52,Female,21.03,73
52,Female,21.15,72
52,Female,21.32,71
52,Female,21.40,70
52,Female,21.43,69
52,Female,21.59,68
52,Female,22.09,67
52,Female,22.23,66
52,Female,22.33,65
52,Female,22.43,64
52,Female,22.52,63
52,Female,23.04,62
52,Female,23.44,61
52,Female,24.24,60
52,Female,24.25,59
52,Female,24.27,58
52,Female,24.29,57
52,Female,24.31,56
52,Female,24.33,55
52,Female,24.35,54
52,Female,24.37,53
52,Female,24.39,52
52,Female,24.41,51
52,Female,24.43,50
52,Female,24.45,49
52,Female,24.47,48
52,Female,24.49,47
52,Female,24.51,46
52,Female,24.53,45
52,Female,24.55,44
52,Female,24.57,43
52,Female,24.59,42
52,Female,25.01,41
52,Female,25.03,40
52,Female,25.05,39
52,Female,25.07,38
52,Female,25.09,37
52,Female,25.11,36
52,Female,25.13,35
52,Female,25.15,34
52,Female,25.17,33
52,Female,25.19,32
52,Female,25.21,31
52,Female,25.23,30
52,Female,25.26,29
52,Female,25.28,28
52,Female,25.30,27
52,Female,25.32,26
52,Female,25.34,25
52,Female,25.36,24
52,Female,25.38,23
52,Female,25.40,22
52,Female,25.42,21
52,Female,25.44,20
52,Female,25.46,19
52,Female,25.48,18
52,Female,25.50,17
52,Female,25.52,16
52,Female,25.54,15
52,Female,25.56,14
52,Female,25.58,13
52,Female,26.00,12
52,Female,26.02,11
52,Female,26.04,10
52,Female,26.06,9
52,Female,26.08,8
52,Female,26.10,7
52,Female,26.12,6
52,Female,26.14,5
52,Female,26.16,4
52,Female,26.18,3
52,Female,26.20,2
52,Female,26.22,1
52,Female,26.24,0
57,Male,15.28,100
57,Male,15.55,99
57,Male,16.22,98
57,Male,16.44,97
57,Male,16.58,96
57,Male,17.14,95
57,Male,17.27,94
57,Male,17.45,93
57,Male,17.57,92
57,Male,18.07,91
57,Male,18.17,90
57,Male,18.25,89
57,Male,18.36,88
57,Male,18.45,87
57,Male,18.53,86
57,Male,19.00,85
57,Male,19.07,84
57,Male,19.17,83
57,Male,19.27,82
57,Male,19.36,81
57,Male,19.45,80
57,Male,19.51,79
57,Male,19.59,78
57,Male,20.07,77
57,Male,20.14,76
57,Male,20.22,75
57,Male,20.31,74
57,Male,20.41,73
57,Male,20.46,72
57,Male,20.54,71
57,Male,21.00,70
57,Male,21.01,69
57,Male,21.19,68
57,Male,21.35,67
57,Male,21.47,66
57,Male,22.03,65
57,Male,22.21,64
57,Male,22.39,63
57,Male,22.58,62
57,Male,23.12,61
57,Male,23.36,60
57,Male,23.37,59
57,Male,23.39,58
57,Male,23.41,57
57,Male,23.43,56
57,Male,23.45,55
57,Male,23.47,54
57,Male,23.49,53
57,Male,23.51,52
57,Male,23.53,51
57,Male,23.55,50
57,Male,23.57,49
57,Male,23.59,48
57,Male,24.01,47
57,Male,24.03,46
57,Male,24.05,45
57,Male,24.07,44
57,Male,24.09,43
57,Male,24.11,42
57,Male,24.13,41
57,Male,24.15,40
57,Male,24.17,39
57,Male,24.19,38
57,Male,24.21,37
57,Male,24.23,36
57,Male,24.25,35
57,Male,24.27,34
57,Male,24.29,33
57,Male,24.31,32
57,Male,24.33,31
57,Male,24.35,30
57,Male,24.38,29
57,Male,24.40,28
57,Male,24.42,27
57,Male,24.44,26
57,Male,24.46,25
57,Male,24.48,24
57,Male,24.50,23
57,Male,24.52,22
57,Male,24.54,21
57,Male,24.56,20
57,Male,24.58,19
57,Male,25.00,18
57,Male,25.02,17
57,Male,25.04,16
57,Male,25.06,15
57,Male,25.08,14
57,Male,25.10,13
57,Male,25.12,12
57,Male,25.14,11
57,Male,25.16,10
57,Male,25.18,9
57,Male,25.20,8
57,Male,25.22,7
57,Male,25.24,6
57,Male,25.26,5
57,Male,25.28,4
57,Male,25.30,3
57,Male,25.32,2
57,Male,25.34,1
57,Male,25.36,0
57,Female,17.18,100
57,Female,17.47,99
57,Female,17.56,98
57,Female,18.00,97
57,Female,18.25,96
57,Female,18.31,95
57,Female,18.36,94
57,Female,18.46,93
57,Female,18.48,92
57,Female,18.56,91
57,Female,18.59,90
57,Female,19.04,89
57,Female,19.14,88
57,Female,19.29,87
57,Female,19.41,86
57,Female,19.45,85
57,Female,19.58,84
57,Female,20.02,83
57,Female,20.07,82
57,Female,20.17,81
57,Female,20.22,80
57,Female,20.31,79
57,Female,20.38,78
57,Female,20.43,77
57,Female,20.44,76
57,Female,20.45,75
57,Female,20.50,74
57,Female,21.03,73
57,Female,21.15,72
57,Female,21.32,71
57,Female,21.40,70
57,Female,21.43,69
57,Female,21.59,68
57,Female,22.09,67
57,Female,22.23,66
57,Female,22.33,65
57,Female,22.43,64
57,Female,23.01,63
57,Female,23.22,62
57,Female,24.05,61
57,Female,24.48,60
57,Female,24.49,59
57,Female,24.51,58
57,Female,24.53,57
57,Female,24.55,56
57,Female,24.57,55
57,Female,24.59,54
57,Female,25.01,53
57,Female,25.03,52
57,Female,25.05,51
57,Female,25.07,50
57,Female,25.09,49
57,Female,25.11,48
57,Female,25.13,47
57,Female,25.15,46
57,Female,25.17,45
57,Female,25.19,44
57,Female,25.21,43
57,Female,25.23,42
57,Female,25.25,41
57,Female,25.27,40
57,Female,25.29,39
57,Female,25.31,38
57,Female,25.33,37
57,Female,25.35,36
57,Female,25.37,35
57,Female,25.39,34
57,Female,25.41,33
57,Female,25.43,32
57,Female,25.45,31
57,Female,25.47,30
57,Female,25.50,29
57,Female,25.52,28
57,Female,25.54,27
57,Female,25.56,26
57,Female,25.58,25
57,Female,26.00,24
57,Female,26.02,23
57,Female,26.04,22
57,Female,26.06,21
57,Female,26.08,20
57,Female,26.10,19
57,Female,26.12,18
57,Female,26.14,17
57,Female,26.16,16
57,Female,26.18,15
57,Female,26.20,14
57,Female,26.22,13
57,Female,26.24,12
57,Female,26.26,11
57,Female,26.28,10
57,Female,26.30,9
57,Female,26.32,8
57,Female,26.34,7
57,Female,26.36,6
57,Female,26.38,5
57,Female,26.40,4
57,Female,26.42,3
57,Female,26.44,2
57,Female,26.46,1
57,Female,26.48,0
62,Male,15.28,100
62,Male,15.55,99
62,Male,16.22,98
62,Male,16.44,97
62,Male,16.58,96
62,Male,17.14,95
62,Male,17.27,94
62,Male,17.45,93
62,Male,17.57,92
62,Male,18.07,91
62,Male,18.17,90
62,Male,18.25,89
62,Male,18.36,88
62,Male,18.45,87
62,Male,18.53,86
62,Male,19.00,85
62,Male,19.07,84
62,Male,19.17,83
62,Male,19.27,82
62,Male,19.36,81
62,Male,19.45,80
62,Male,19.51,79
62,Male,19.59,78
62,Male,20.07,77
62,Male,20.14,76
62,Male,20.22,75
62,Male,20.31,74
62,Male,20.41,73
62,Male,20.46,72
62,Male,20.54,71
62,Male,21.00,70
62,Male,21.01,69
62,Male,21.19,68
62,Male,21.35,67
62,Male,21.47,66
62,Male,22.03,65
62,Male,22.21,64
62,Male,22.39,63
62,Male,22.58,62
62,Male,23.12,61
62,Male,23.36,60
62,Male,23.37,59
62,Male,23.39,58
62,Male,23.41,57
62,Male,23.43,56
62,Male,23.45,55
62,Male,23.47,54
62,Male,23.49,53
62,Male,23.51,52
62,Male,23.53,51
62,Male,23.55,50
62,Male,23.57,49
62,Male,23.59,48
62,Male,24.01,47
62,Male,24.03,46
62,Male,24.05,45
62,Male,24.07,44
62,Male,24.09,43
62,Male,24.11,42
62,Male,24.13,41
62,Male,24.15,40
62,Male,24.17,39
62,Male,24.19,38
62,Male,24.21,37
62,Male,24.23,36
62,Male,24.25,35
62,Male,24.27,34
62,Male,24.29,33
62,Male,24.31,32
62,Male,24.33,31
62,Male,24.35,30
62,Male,24.38,29
62,Male,24.40,28
62,Male,24.42,27
62,Male,24.44,26
62,Male,24.46,25
62,Male,24.48,24
62,Male,24.50,23
62,Male,24.52,22
62,Male,24.54,21
62,Male,24.56,20
62,Male,24.58,19
62,Male,25.00,18
62,Male,25.02,17
62,Male,25.04,16
62,Male,25.06,15
62,Male,25.08,14
62,Male,25.10,13
62,Male,25.12,12
62,Male,25.14,11
62,Male,25.16,10
62,Male,25.18,9
62,Male,25.20,8
62,Male,25.22,7
62,Male,25.24,6
62,Male,25.26,5
62,Male,25.28,4
62,Male,25.30,3
62,Male,25.32,2
62,Male,25.34,1
62,Male,25.36,0
62,Female,17.18,100
62,Female,17.47,99
62,Female,17.56,98
62,Female,18.00,97
62,Female,18.25,96
62,Female,18.31,95
62,Female,18.36,94
62,Female,18.46,93
62,Female,18.48,92
62,Female,18.56,91
62,Female,18.59,90
62,Female,19.04,89
62,Female,19.14,88
62,Female,19.29,87
62,Female,19.41,86
62,Female,19.45,85
62,Female,19.58,84
62,Female,20.02,83
62,Female,20.07,82
62,Female,20.17,81
62,Female,20.22,80
62,Female,20.31,79
62,Female,20.38,78
62,Female,20.43,77
62,Female,20.44,76
62,Female,20.45,75
62,Female,20.50,74
62,Female,21.03,73
62,Female,21.15,72
62,Female,21.32,71
62,Female,21.40,70
62,Female,21.43,69
62,Female,22.02,68
62,Female,22.15,67
62,Female,22.31,66
62,Female,22.44,65
62,Female,22.50,64
62,Female,23.04,63
62,Female,23.22,62
62,Female,24.11,61
62,Female,25.00,60
62,Female,25.01,59
62,Female,25.03,58
62,Female,25.05,57
62,Female,25.07,56
62,Female,25.09,55
62,Female,25.11,54
62,Female,25.13,53
62,Female,25.15,52
62,Female,25.17,51
62,Female,25.19,50
62,Female,25.21,49
62,Female,25.23,48
62,Female,25.25,47
62,Female,25.27,46
62,Female,25.29,45
62,Female,25.31,44
62,Female,25.33,43
62,Female,25.35,42
62,Female,25.37,41
62,Female,25.39,40
62,Female,25.41,39
62,Female,25.43,38
62,Female,25.45,37
62,Female,25.47,36
62,Female,25.49,35
62,Female,25.51,34
62,Female,25.53,33
62,Female,25.55,32
62,Female,25.57,31
62,Female,25.59,30
62,Female,26.02,29
62,Female,26.04,28
62,Female,26.06,27
62,Female,26.08,26
62,Female,26.10,25
62,Female,26.12,24
62,Female,26.14,23
62,Female,26.16,22
62,Female,26.18,21
62,Female,26.20,20
62,Female,26.22,19
62,Female,26.24,18
62,Female,26.26,17
62,Female,26.28,16
62,Female,26.30,15
62,Female,26.32,14
62,Female,26.34,13
62,Female,26.36,12
62,Female,26.38,11
62,Female,26.40,10
62,Female,26.42,9
62,Female,26.44,8
62,Female,26.46,7
62,Female,26.48,6
62,Female,26.50,5
62,Female,26.52,4
62,Female,26.54,3
62,Female,26.56,2
62,Female,26.58,1
62,Female,27.00,0
